id|category|subcategory|title|characters|scene|concepts|actions|objects
naturaleza_plantas_huerto_01|naturaleza|plantas|Leo y Luna cuidan un pequeño huerto|leo,luna|Leo coloca una semilla en tierra y Luna riega un brote en dos macetas de un huerto escolar.|plantas,semillas,huerto,crecimiento|plantar,regar,cuidar|semilla,maceta,regadera,brote
naturaleza_plantas_germinacion_01|naturaleza|plantas|Luna observa cómo germina una semilla|luna|Luna compara con una lupa un brote reciente y una planta mayor en macetas.|plantas,semillas,germinación,crecimiento|observar,comparar,investigar|brote,lupa,maceta,semilla
matematica_repartir_frutas_01|matematica|cantidades|Leo reparte frutas y Luna compara cantidades|leo,luna|Leo reparte frutas entre platos y Luna compara visualmente las cantidades.|matemática,cantidades,reparto,comparación,frutas|repartir,contar,comparar|frutas,platos,cesta
naturaleza_plantas_regar_02|naturaleza|plantas|Mateo y Sofía riegan plantas|mateo,sofia|Mateo llena una regadera y Sofía riega plantas en un jardín escolar mientras observan sus hojas.|plantas,agua,jardín,cuidado|regar,observar,cuidar|regadera,plantas,hojas
naturaleza_plantas_flores_01|naturaleza|plantas|Luna y Sofía observan flores|luna,sofia|Luna y Sofía examinan flores de diferentes formas y colores en un jardín sin arrancarlas.|flores,plantas,colores,naturaleza|observar,comparar,cuidar|flores,hojas,lupa
naturaleza_plantas_frutos_01|naturaleza|plantas|Leo descubre frutos en una planta|leo|Leo observa pequeños tomates creciendo en una planta del huerto y señala sus distintas etapas.|frutos,plantas,crecimiento,huerto|observar,comparar|tomates,planta,maceta
animales_mascotas_cuidado_01|animales|mascotas|Luna cuida a una mascota|luna|Luna ofrece agua a un perro pequeño en el patio y observa que esté cómodo.|mascotas,animales,cuidado,agua|cuidar,observar|perro,cuenco,agua
animales_granja_observar_01|animales|granja|Leo y Mateo observan animales de granja|leo,mateo|Leo y Mateo observan una gallina con pollitos y una oveja desde un sendero de granja.|animales,granja,crías|observar,comparar|gallina,pollitos,oveja
animales_insectos_lupa_01|animales|insectos|Sofía observa insectos con una lupa|sofia|Sofía observa una mariquita sobre una hoja con una lupa sin tocarla.|insectos,mariquita,naturaleza|observar,investigar|mariquita,lupa,hoja
animales_mariposas_jardin_01|animales|mariposas|Luna observa mariposas en el jardín|luna|Luna sigue con la mirada dos mariposas que visitan flores en un jardín escolar.|mariposas,insectos,flores|observar,comparar|mariposas,flores
animales_marinos_observar_01|animales|marinos|Leo investiga animales marinos|leo,sofia|Leo y Sofía observan peces y una tortuga marina en una visita educativa al acuario sin carteles.|animales,mar,peces,hábitat|observar,investigar|peces,tortuga,acuario
ambiente_reciclaje_clasificar_01|ambiente|reciclaje|Leo y Luna clasifican materiales|leo,luna|Leo y Luna separan papel y botellas limpias en recipientes de colores sin etiquetas escritas.|reciclaje,residuos,ambiente|clasificar,reutilizar|papel,botellas,recipientes
ambiente_agua_cuidar_01|ambiente|agua|Mateo cuida el agua|mateo|Mateo cierra un grifo después de llenar una regadera para evitar desperdiciar agua.|agua,ahorro,cuidado,ambiente|cerrar,cuidar|grifo,regadera,agua
ambiente_limpieza_parque_01|ambiente|limpieza|Amigos limpian el parque|leo,luna,mateo|Leo Luna y Mateo recogen papeles del suelo con guantes para dejar limpio un parque.|limpieza,parque,ambiente,convivencia|recoger,cuidar|guantes,papeles,bolsa
ambiente_reutilizar_materiales_01|ambiente|reutilizacion|Sofía reutiliza materiales|sofia,luna|Sofía y Luna convierten cajas limpias en una construcción de juego sobre una mesa.|reutilización,materiales,creatividad|reutilizar,construir|cajas,cartón,mesa
agua_exploracion_flotar_01|agua|experimentos|Leo y Luna exploran qué flota|leo,luna|Leo coloca un barco de madera en una tina de agua y Luna observa otro objeto que se hunde.|agua,flotar,hundirse,indagación|explorar,observar,comparar|tina,barco,piedra
agua_lluvia_observar_01|agua|clima|Mateo observa la lluvia|mateo|Mateo mira gotas de lluvia desde un porche escolar y señala charcos sin mojarse en exceso.|lluvia,clima,agua|observar,comparar|gotas,charcos,paraguas
agua_viento_explorar_01|agua|clima|Luna explora el viento|luna|Luna sostiene un molinillo de viento en el patio y observa cómo giran sus aspas.|viento,clima,movimiento|observar,explorar|molinillo,árboles
agua_arcoiris_observar_01|agua|clima|Leo y Sofía descubren un arcoíris|leo,sofia|Leo y Sofía observan un arcoíris después de la lluvia en el patio de la escuela.|arcoíris,clima,lluvia,colores|observar,conversar|arcoíris,nubes,gotas
matematica_contar_objetos_01|matematica|cantidades|Luna cuenta objetos cotidianos|luna|Luna agrupa piedras grandes y pequeñas sobre una mesa y cuenta con los dedos sin números escritos.|matemática,conteo,cantidades|contar,agrupar|piedras,mesa
matematica_clasificar_colores_01|matematica|clasificacion|Leo clasifica bloques por color|leo|Leo separa bloques rojos azules y amarillos en grupos claros sobre una alfombra.|matemática,clasificación,colores|clasificar,agrupar|bloques,alfombra
matematica_ordenar_tamanos_01|matematica|tamanos|Sofía ordena objetos por tamaño|sofia|Sofía pone tres macetas de distinta altura en orden desde la más pequeña a la mayor.|matemática,tamaños,orden|ordenar,comparar|macetas,plantas
matematica_construir_bloques_01|matematica|formas|Mateo construye con bloques|mateo,luna|Mateo y Luna construyen una torre con bloques de distintas formas y comparan sus alturas.|matemática,formas,construcción,altura|construir,comparar|bloques,torre
comunicacion_cuento_escuchar_01|comunicacion|cuentos|La maestra Rosa cuenta una historia|maestra_rosa,leo,luna|La maestra Rosa muestra ilustraciones de un libro abierto mientras Leo y Luna escuchan en círculo.|cuento,escucha,historias,lectura|escuchar,observar|libro,alfombra
comunicacion_biblioteca_elegir_01|comunicacion|biblioteca|Sofía y Mateo eligen libros|sofia,mateo|Sofía y Mateo eligen libros ilustrados de un estante de la biblioteca escolar.|biblioteca,libros,lectura|elegir,explorar|libros,estante
comunicacion_titeres_narrar_01|comunicacion|narracion|Luna narra con títeres|luna,leo|Luna mueve un títere de animal para contar una historia y Leo la escucha atento.|títeres,historias,expresión oral|narrar,escuchar|títere,teatrino
comunicacion_conversar_grupo_01|comunicacion|oralidad|Niños conversan en grupo|leo,luna,sofia|Leo Luna y Sofía comparten ideas sentados en círculo mientras una persona habla y otras escuchan.|conversación,escucha,grupo|conversar,escuchar|alfombra,cojines
ciencia_lupa_hojas_01|ciencia|exploracion|Leo investiga hojas con una lupa|leo|Leo examina con lupa los nervios de hojas diferentes sobre una mesa de exploración.|ciencia,hojas,indagación,naturaleza|investigar,comparar|lupa,hojas,mesa
ciencia_mezclas_seguras_01|ciencia|materiales|Luna y Sofía mezclan materiales seguros|luna,sofia|Luna y Sofía mezclan agua y tierra en recipientes transparentes para observar cambios.|ciencia,mezclas,materiales,cambios|mezclar,observar|agua,tierra,recipientes
ciencia_luz_sombras_01|ciencia|luz|Mateo explora luz y sombras|mateo|Mateo ilumina con una linterna una silueta plana de conejo entre la luz y la pared y observa una sombra de conejo con la misma forma.|ciencia,luz,sombras|explorar,observar|linterna,figuras,sombras
ciencia_iman_objetos_01|ciencia|imanes|Leo prueba qué atrae un imán|leo,luna|Leo acerca un imán grande a objetos seguros sobre la mesa y Luna observa cuáles se mueven.|ciencia,imanes,materiales|investigar,observar,comparar|imán,clips,bloques
cuerpo_lavado_manos_01|cuerpo_salud|higiene|Luna se lava las manos|luna|Luna se lava las manos con agua y jabón en un lavabo a su altura.|higiene,manos,salud|lavar,cuidar|agua,jabón,lavabo
cuerpo_dientes_cepillar_01|cuerpo_salud|higiene|Leo se cepilla los dientes|leo|Leo se cepilla los dientes ante un espejo con un cepillo infantil.|higiene,dientes,salud|cepillar,cuidar|cepillo,espejo,vaso
cuerpo_sentidos_explorar_01|cuerpo_salud|sentidos|Sofía explora los sentidos|sofia|Sofía huele una flor y observa una fruta en una mesa de exploración sensorial.|sentidos,olfato,vista,cuerpo|oler,observar|flor,fruta,mesa
cuerpo_actividad_fisica_01|cuerpo_salud|movimiento|Mateo cuida su cuerpo al moverse|mateo,luna|Mateo y Luna se estiran suavemente en el patio antes de jugar.|cuerpo,salud,movimiento|estirar,mover|patio,colchonetas
convivencia_emociones_alegria_01|convivencia|emociones|Leo y Luna reconocen la alegría|leo,luna|Leo sonríe por una construcción lograda y Luna conversa con él sobre cómo se siente.|emociones,alegría,expresión|reconocer,conversar|bloques,torre
convivencia_ayudar_amigo_01|convivencia|ayuda|Luna ayuda a un amigo|luna,mateo|Mateo deja caer lápices y Luna le ayuda a recogerlos con calma.|amistad,ayuda,convivencia|ayudar,recoger|lápices,caja
convivencia_compartir_materiales_01|convivencia|compartir|Sofía y Leo comparten materiales|sofia,leo|Sofía ofrece crayones a Leo para que ambos dibujen en la misma mesa.|compartir,materiales,convivencia|ofrecer,dibujar|crayones,papel,mesa
convivencia_resolver_desacuerdo_01|convivencia|acuerdos|Leo y Mateo llegan a un acuerdo|leo,mateo,maestra_rosa|Leo y Mateo conversan sobre el turno para usar una pelota mientras la maestra Rosa acompaña.|acuerdos,turnos,convivencia|conversar,esperar|pelota
comunidad_familia_compartir_01|comunidad|familia|Familia comparte un momento de juego|mama_clara,papa_diego,luna|Clara Diego y Luna construyen juntos con bloques en casa.|familia,juego,convivencia|compartir,construir|bloques,alfombra
comunidad_madre_cuidar_01|comunidad|familia|Clara y Luna cuidan plantas juntas|mama_clara,luna|Clara y Luna riegan juntas plantas en macetas de casa.|madre,familia,cuidado,plantas|regar,cuidar|regadera,macetas
comunidad_padre_cocinar_01|comunidad|familia|Diego y Leo preparan alimentos|papa_diego,leo|Diego y Leo lavan frutas para preparar una merienda sencilla en casa.|padre,familia,alimentos|lavar,preparar|frutas,agua,mesa
comunidad_mercado_explorar_01|comunidad|mercado|Sofía y Rosa exploran el mercado|sofia,maestra_rosa|Sofía y la maestra Rosa observan frutas y verduras en un mercado de barrio peruano.|mercado,barrio,comunidad,alimentos|observar,comparar|frutas,verduras,puestos
alimentos_frutas_explorar_01|alimentos|frutas|Leo y Luna exploran frutas|leo,luna|Leo y Luna observan colores formas y texturas de frutas enteras en una mesa.|frutas,colores,formas,alimentación|observar,comparar|manzana,plátano,naranja
alimentos_verduras_huerto_01|alimentos|verduras|Mateo cosecha verduras|mateo,mama_clara|Mateo y Clara recogen una zanahoria madura de un pequeño huerto.|verduras,huerto,alimentación|cosechar,observar|zanahoria,tierra,canasta
alimentos_receta_sencilla_01|alimentos|receta|Sofía prepara una receta sencilla|sofia,papa_diego|Sofía y Diego mezclan trozos de frutas lavadas en un bol para una ensalada.|receta,frutas,alimentación|preparar,mezclar|bol,frutas,cuchara
arte_pintura_creativa_01|arte_musica|pintura|Luna pinta libremente|luna|Luna pinta formas coloridas en un papel grande con pincel y témperas sin letras.|arte,pintura,colores,creatividad|pintar,crear|pincel,papel,témperas
arte_musica_instrumentos_01|arte_musica|musica|Leo y Mateo hacen música|leo,mateo|Leo toca un tambor pequeño y Mateo sacude maracas en el aula.|música,instrumentos,ritmo|tocar,escuchar|tambor,maracas
arte_titeres_teatro_01|arte_musica|teatro|Sofía representa una historia|sofia,luna|Sofía y Luna usan títeres de mano para representar una historia sencilla.|teatro,títeres,expresión|representar,crear|títeres,teatrino
movimiento_circuito_motor_01|movimiento|circuito|Leo recorre un circuito motor|leo,luna|Leo pasa por aros en el suelo y Luna mantiene el equilibrio sobre una línea baja en el patio.|movimiento,equilibrio,circuito|saltar,equilibrar|aros,línea,colchonetas
movimiento_pelota_cooperar_01|movimiento|juego|Mateo y Sofía juegan con pelota|mateo,sofia|Mateo lanza suavemente una pelota a Sofía y ella la atrapa con ambas manos.|movimiento,juego,cooperación|lanzar,atrapar|pelota
movimiento_baile_alegria_01|movimiento|baile|Luna y Leo bailan|luna,leo|Luna y Leo bailan juntos en el patio siguiendo un ritmo sin escenario ni público.|baile,movimiento,música|bailar,escuchar|patio
escuela_bienvenida_aula_01|escuela|aula|Rosa recibe a los niños en el aula|maestra_rosa,leo,luna|La maestra Rosa recibe a Leo y Luna en la puerta de un aula acogedora.|escuela,bienvenida,aula|saludar,entrar|puerta,mochilas
escuela_organizar_materiales_01|escuela|materiales|Niños organizan materiales del aula|leo,sofia|Leo y Sofía guardan bloques y libros en estantes bajos después de jugar.|escuela,orden,materiales|organizar,guardar|bloques,libros,estantes
escuela_juego_libre_01|escuela|juego|Luna y Mateo juegan libremente|luna,mateo|Luna y Mateo crean una pequeña ciudad con bloques en la alfombra del aula.|escuela,juego,creatividad|jugar,construir|bloques,alfombra
celebraciones_educacion_inicial_01|celebraciones|educacion_inicial|Celebramos la Educación Inicial|maestra_rosa,leo,luna|Rosa Leo y Luna comparten juegos cooperativos y sonrisas en el patio de la escuela con banderines sin letras.|educación inicial,escuela,celebración|jugar,celebrar|banderines,juegos
celebraciones_fiestas_patrias_01|celebraciones|fiestas_patrias|Leo y Luna celebran las Fiestas Patrias|leo,luna|Leo y Luna decoran juntos el aula con cintas rojas y blancas y una pequeña bandera civil peruana de tres franjas verticales rojo blanco rojo sin escudo.|Fiestas Patrias,Perú,celebración|decorar,celebrar|bandera,cintas
celebraciones_navidad_01|celebraciones|navidad|Familia prepara una celebración navideña|mama_clara,papa_diego,leo|Clara Diego y Leo adornan un pequeño árbol navideño juntos en casa sin regalos comerciales.|Navidad,familia,celebración|adornar,compartir|árbol,adornos
celebraciones_primavera_01|celebraciones|primavera|Luna y Sofía celebran la primavera|luna,sofia|Luna y Sofía observan flores nuevas y mariposas en el jardín escolar.|primavera,flores,naturaleza|observar,celebrar|flores,mariposas
cultura_costa_mar_01|cultura|costa|Leo explora el mar peruano|leo,mateo,papa_diego|Leo y Mateo observan aves marinas y olas desde una playa peruana limpia acompañados a distancia por Diego.|Perú,costa,mar,aves|observar,explorar|olas,aves,playa
cultura_sierra_paisaje_01|cultura|sierra|Luna observa un paisaje andino|luna,alpaca_inti|Luna observa con respeto un paisaje de montañas andinas y a Inti la alpaca junto a un sendero.|Perú,sierra,montañas,naturaleza|observar,explorar|montañas,alpaca,sendero
