checkpoint,intento,estado,llamadas,modelo,effort,fuentes,contratos,causa_raiz,correccion,evidencia_sanitizada
0,1,PASS,0,ninguno,no_aplica,"Aula ficticia y seis altas manuales","Setup y pertenencia","","","AYNI_QA_SECUENCIAL_INTEGRAL.md#fuentes-y-primeros-gates"
1,1,PASS,0,ninguno,no_aplica,"Cuatro entrevistas confirmadas; una pausada; una vacía","Confirmación y recuperación de borrador","","","AYNI_QA_SECUENCIAL_INTEGRAL.md#fuentes-y-primeros-gates"
2,1,PASS,0,ninguno,no_aplica,"Seis notas vigentes; cinco niños; original y revisión","Idempotencia y fuentes efectivas","Input date del harness sin evento React","Registro erróneo retirado y fecha introducida por teclado; cero IA con esa fuente","AYNI_QA_SECUENCIAL_INTEGRAL.md#fuentes-y-primeros-gates"
3,1,FAIL,1,gpt-6.1-sol,high,"Cinco notas proyectadas; cuatro entrevistas; una vacía","diagnostic_group_suggestion_v3","SQ-01: filtro Jev eliminaba fuentes familiares y observadas","Proyección diagnóstica específica y referencia de Skill alineada","AYNI_QA_SECUENCIAL_INTEGRAL.md#sq-01--p1--checkpoint-3--pérdida-de-fuentes-por-filtro-incorrecto"
3,2,FAIL,1,gpt-6.1-sol,high,"Seis notas y cuatro entrevistas confirmadas; identidades excluidas","diagnostic_group_suggestion_v3","SQ-02: prompt pedía alias en la prosa","Citas solo en source_refs y guard de texto visible","AYNI_QA_SECUENCIAL_INTEGRAL.md#sq-02--p2--checkpoint-3--alias-técnicos-en-el-texto-docente"
3,3,PASS,1,gpt-6.1-sol,high,"Mismas seis notas y cuatro entrevistas; borrador excluido","diagnostic_group_suggestion_v3","","Síntesis revisada y confirmada; no reutilizar intentos 1 y 2","AYNI_QA_SECUENCIAL_INTEGRAL.md#estado-de-ejecución"
4,0,BLOCKED,0,ninguno,no_aplica,"Inicio automático de conversación anual","Control local de checkpoint","checkpoint_locked antes del proveedor","Inicio explícito autorizado en checkpoint 4; rechazo separado de llamadas reales","AYNI_QA_SECUENCIAL_INTEGRAL.md#uso-límites-y-parada"
4,1,PASS,3,gpt-6-luna,medium,"Diagnóstico confirmado y dos respuestas docentes","annual_planning_conversation_v2","","Contexto docente revisado y confirmado","AYNI_QA_SECUENCIAL_INTEGRAL.md#recorrido-y-matrices-finales"
5,1,PASS_PEDAGOGICO,1,gpt-6.1-sol,high,"Diagnóstico V1; decisiones docentes; calendario y CNEB","annual_journey_slots_v3","SQ-03: alias permitidos en fundamentos visibles; caso G FAIL","Pendiente por límite; V1 aprobada en pedagogía y calendario; no limpiar output","AYNI_QA_SECUENCIAL_INTEGRAL.md#sq-03--p2--checkpoint-5--alias-en-fundamentos-anuales"
6,1,BLOCKED,0,ninguno,no_aplica,"V1 activa y V2 borrador estructural","Swap retiro reposición y nueva tarjeta","time_cap antes del proveedor de tarjeta nueva","Parte estructural PASS sin IA; V1 intacta; detener cadena","AYNI_QA_SECUENCIAL_INTEGRAL.md#estado-de-ejecución"
7,0,BLOCKED,0,ninguno,no_aplica,"No recorrida","Proyecto","Parada global","No heredar PASS de otra historia","AYNI_QA_SECUENCIAL_INTEGRAL.md#recorrido-y-matrices-finales"
8,0,BLOCKED,0,ninguno,no_aplica,"No recorrida","Actividad y taller","Parada global","No heredar PASS de otra historia","AYNI_QA_SECUENCIAL_INTEGRAL.md#recorrido-y-matrices-finales"
9,0,BLOCKED,0,ninguno,no_aplica,"No recorrida","Aula contextual","Parada global","No heredar PASS de otra historia","AYNI_QA_SECUENCIAL_INTEGRAL.md#recorrido-y-matrices-finales"
10,0,BLOCKED,0,ninguno,no_aplica,"No recorrida","Evaluación docente","Parada global","No asignar letras sin evidencia","AYNI_QA_SECUENCIAL_INTEGRAL.md#recorrido-y-matrices-finales"
11,0,BLOCKED,0,ninguno,no_aplica,"No recorrida","Conclusiones batch","Parada global","No generar conclusiones de esta historia","AYNI_QA_SECUENCIAL_INTEGRAL.md#recorrido-y-matrices-finales"
12,0,BLOCKED,0,ninguno,no_aplica,"No recorrida","Familia exportación y cierre","Parada global","No afirmar documentos ni cierre verificados","AYNI_QA_SECUENCIAL_INTEGRAL.md#recorrido-y-matrices-finales"
